{"cameraMode":{"drawMode":0,"name":"Shaded","section":"Shading Mode"},"sceneLighting":true,"audioPlay":false,"sceneViewState":{"m_AlwaysRefresh":false,"showFog":true,"showSkybox":true,"showFlares":true,"showImageEffects":true,"showParticleSystems":true,"showVisualEffectGraphs":true,"m_FxEnabled":true},"in2DMode":false,"pivot":{"x":-2.5999643802642824,"y":2.058774948120117,"z":-7.82979679107666},"rotation":{"x":0.011229583993554116,"y":-0.9386330842971802,"z":-0.030695583671331407,"w":-0.34338176250457766},"size":3.2397637367248537,"orthographic":false}