{"cameraMode":{"drawMode":0,"name":"Shaded","section":"Shading Mode"},"sceneLighting":true,"audioPlay":false,"sceneViewState":{"m_AlwaysRefresh":false,"showFog":true,"showSkybox":true,"showFlares":true,"showImageEffects":true,"showParticleSystems":true,"showVisualEffectGraphs":true,"m_FxEnabled":true},"in2DMode":false,"pivot":{"x":0.15356430411338807,"y":0.7372564077377319,"z":-0.14703059196472169},"rotation":{"x":-0.001198083977214992,"y":-0.9776512384414673,"z":0.21022871136665345,"w":-0.005582663230597973},"size":4.804609775543213,"orthographic":false}